,id,curiosity_je,curiosity_ds,curiosity_st,curiosity_sc,curiosity_ts,lambda_,tau,beta,r2_guassian,r2_ucb
0,0,2.6,5.6,5.2,4.6,2.2,1.7817125767536242,-1.2845909114524432,-4.999978877473104,0.0688061697245556,0.0896917467962921
1,1,5.8,5.4,3.4,1.6,1.6,-0.8142756835081175,-1.8019522817414584,-3.3833604369995487,0.2022209654331032,0.2066143193634709
2,2,2.0,2.2,2.2,2.0,1.2,1.3394249403505916,-1.375844223328487,-4.999989297062738,0.1867585764283931,0.1865495998377381
3,3,3.8,3.0,3.2,6.6,2.4,-4.999985748692038,-2.234687674565417,1.4714684082214058,0.058985801781268,0.0837102111838784
4,4,4.8,5.2,3.4,6.2,1.8,-0.7649923471554065,-2.8373286257284103,3.162644074069009,0.0073332631269907,0.0804501667146365
5,5,2.8,5.2,4.0,5.4,1.8,-4.999983665655054,-2.6878243771367454,1.7433059971232112,0.2715634720676684,0.5049458510178033
6,6,3.4,4.6,2.2,1.4,1.0,1.7011096784960176,-1.7802064133452415,-0.2948162614488863,0.101226144644981,0.1169861335745104
7,7,6.2,5.0,5.4,5.8,3.6,-0.5635196464035395,-2.397498762970501,1.4981147860866375,0.2660049675065781,0.3997118431879528
8,8,4.2,3.0,5.6,5.0,3.2,0.0822788129590785,-1.2891820127261622,-4.875020347901952,0.1089684778144627,0.1087536822233855
9,9,5.8,6.0,2.8,6.2,2.0,-1.179662772029359,-4.085087144321767,1.9149103694482363,0.0424505020537776,0.0783901945531891
10,10,3.2,5.8,3.6,2.0,1.8,-4.8771699353129625,1.7444334958217569,2.21339713434596,0.0018976780174689,0.0009956642869147
11,11,4.4,5.2,2.4,3.8,3.2,1.3079822482289034,-0.7580182521474146,-4.999853704548197,0.1832262144176474,0.183208734852654
12,12,3.2,5.4,5.6,4.6,2.2,0.9834284173740292,-1.7758848835277177,0.7637872689631695,0.251630377120056,0.28734083637673
13,13,5.4,3.0,6.4,4.2,3.8,1.054603161739247,-1.866974093301796,-4.888348309206768,0.2009717572270843,0.2000812308357036
14,14,3.8,4.2,2.6,2.6,2.2,1.2254740190886275,-0.9251431955843268,-4.977226412830502,0.1024143130523912,0.102413359277891
15,15,6.6,6.0,6.4,5.4,6.0,-0.4565045854810017,-0.171963300631368,4.999993024922718,-2.402785703847776e-05,0.0678445007927982
16,16,3.2,6.4,1.8,6.0,1.2,1.001329068787266,-1.552137463711359,1.7517363318711994,0.0883304061038172,0.2523392847545574
17,17,4.0,4.2,6.2,4.4,1.4,-0.5206841967116308,-0.8040039341826666,-3.3816098084806696,0.1238615849562029,0.1247210021748694
18,18,4.0,4.8,5.2,4.0,2.4,-0.8024184217210282,-2.554064253344039,1.920979058095498,0.3619937898208426,0.5120384910841163
19,19,6.6,6.4,3.4,6.8,3.4,1.6091692212392326,1.8246172527611748,4.886815727124704,0.0484255780766148,0.1206409401921803
20,20,2.8,4.8,2.8,4.2,1.8,0.5531366907577017,-0.9384576307288388,-4.999979563709782,0.2054807904347214,0.205354666165786
21,21,4.6,4.4,3.6,4.2,3.4,1.0171934697213991,-2.467917546579877,-4.999918811223498,0.1277866718676141,0.1281062718120388
22,23,4.6,4.8,4.6,2.6,4.0,0.1446823457727731,-3.0723647904093467,1.398193319063838,0.0684818681094061,0.1767091815395762
23,24,4.0,3.6,3.2,3.6,2.6,1.25274980075158,-1.1876816916169093,-4.999874385103032,0.2462774190223539,0.2462562329381273
24,26,4.8,5.2,4.2,5.2,2.2,1.3488059073814749,-1.129056966590286,-4.999976795514541,0.1099065803897884,0.1097778576772695
25,27,4.4,1.6,6.8,2.6,2.6,-2.426020600133192,-2.3815467808054125,1.9788608756715225,0.278315092374978,0.4282690619561308
26,28,7.0,6.6,5.4,5.8,5.2,-4.668509485366899,-2.602213228277697,0.959926417633003,0.1487833189016136,0.2580427472320827
27,29,4.4,5.2,2.6,6.4,4.6,0.9661935803191743,-1.591059674657764,1.609532807159222,0.1038073367662911,0.2045727553194746
28,30,5.4,6.0,5.8,3.4,2.2,-4.99987479225866,-3.5175155021304008,2.264457959074256,0.1028599140451582,0.1454844428315469
29,31,5.6,5.6,2.4,5.6,2.6,1.8297032298304816,-2.226217645303954,-4.999993304201476,0.2370296602640318,0.3013340077510272
30,32,6.8,7.0,4.8,6.6,5.6,-3.2051452997691894,-2.2584207139489765,-0.8413868844776949,0.2207092756063667,0.2568380756561541
31,33,4.4,4.4,4.6,4.6,5.2,0.0240548892772542,-3.174477035381228,1.165750608660038,0.2497169032436205,0.3334762025541478
32,34,5.0,5.4,2.6,4.8,1.4,1.4635690066702562,-1.0977366287900627,-3.5103491597495,0.2407480335483188,0.2407533411012766
33,35,6.8,5.6,4.0,6.0,3.6,0.93669029515173,-0.9160343136421588,1.6633875300492738,0.0493235888663021,0.0913845727072171
34,36,7.0,6.2,4.6,7.0,4.6,1.5102983257250502,-0.7562825979345975,1.8203302668446373,0.1004668728369511,0.1657378997926645
35,37,4.2,4.2,4.6,6.2,1.8,0.9736592260877562,-0.9112239984926171,0.9862951576447618,0.0926804155989435,0.1142623261930257
36,38,4.4,2.8,2.4,6.0,3.0,-1.8110069181295865,-0.7485889480921051,-3.456015584401604,0.030105020629678,0.0301022385647165
37,39,4.4,3.8,5.2,4.8,3.8,1.8379703059630044,0.4453242191514912,3.0762260033946545,0.015564284724717,0.0547955159400016
38,40,5.4,5.8,5.2,5.0,3.0,0.9307517557401508,-1.9815574770523383,0.627172598685387,0.2108499124513893,0.2811101673840426
39,41,5.0,4.2,4.8,3.4,3.4,1.5580972075950188,0.7922969421639133,4.999999620677522,0.0086200901082207,0.3744906802543669
40,42,5.4,5.8,3.6,2.8,3.6,0.2985271261668134,-2.5457894895588007,3.4542059042776514,0.0006473373829669,0.1931237289897641
41,43,4.6,5.6,3.0,1.8,2.4,-0.1392791953545104,-2.7187119826178234,3.281257800934823,0.0333603999259209,0.1098753470119089
42,44,5.2,3.8,4.8,4.6,3.4,-1.042205849083298,1.5282290663262292,3.060803463440493,0.0022589189563352,0.0093862104697314
43,45,6.2,4.6,5.8,3.2,3.6,-0.8535270806680031,-2.3433161587540337,2.050538925044584,0.1891420974204243,0.3649400392948247
44,46,6.8,4.0,6.8,6.6,6.4,1.015111051447706,-1.0178227112906435,0.8214427840695592,0.1091071344927677,0.1323714894146983
45,47,3.6,4.0,3.4,4.4,4.4,1.6973294339531386,-1.2034769424347072,0.7123091234348997,0.2701713812359801,0.2866621416544002
46,48,6.2,5.4,4.0,6.2,4.0,0.096089250096153,-2.252126301248125,1.5743469650569284,0.1246756482358726,0.2018231048305176
47,49,4.8,4.2,5.2,5.2,2.6,1.2220431952478776,-1.3901143475841675,1.1637375202087676,0.1527996528906883,0.216147301015959
48,50,5.0,3.8,6.2,3.6,3.6,-0.1669645212410835,-2.419608657589552,1.089489660797342,0.325121972338958,0.3508209975330171
49,51,6.0,4.0,6.8,4.0,3.4,1.964243834458308,-4.999999217633823,-1.1002892756575964,0.2813667718766536,0.446202353495999
50,52,5.0,6.6,2.8,3.6,2.2,1.8781911449288309,0.3657811737649604,2.761974073339648,0.0297240476776571,0.1247461043063933
51,53,3.0,3.8,4.6,4.0,3.0,1.25448800068917,-1.1488040566643172,-4.940359574442547,0.1903287063741022,0.1901457079612966
52,54,4.8,2.8,5.8,4.0,4.0,4.367374466960086,0.5330300569872534,-0.4252484740535158,-1.2881000895914596e-05,0.0
53,55,5.4,4.0,6.2,2.4,2.2,0.0592742552170866,-2.671764057061547,1.0581727831055827,0.2745943518804703,0.4222086412418325
54,56,5.0,4.6,4.0,5.4,3.0,-0.1001197821442545,-3.289467001778851,2.516527895170569,0.0360719573373574,0.1380651755119788
55,57,6.4,4.6,3.2,1.2,3.2,-0.0202362147549915,-3.031697903450218,-1.7999576306250509,0.0402815089861458,0.042915231946917
56,58,1.4,3.8,2.8,4.4,2.4,0.826693457765765,2.662792097950391,4.999992288682858,0.0200955674891446,0.0513917735229385
57,59,4.0,5.6,1.4,5.4,1.6,-4.999945417434782,-2.6848886306102906,2.150561734240398,0.1421034868191181,0.2961982648967712
58,60,4.2,4.8,4.4,4.4,3.8,4.282010956593672,1.1786643860079502,-0.2347616520168103,0.0004234197821332,0.0
59,61,5.6,3.0,4.2,4.4,2.8,0.9328045090092412,-1.7049152768155358,-0.3260756113310774,0.167118866632989,0.1789748953988847
60,62,5.8,5.4,3.8,4.4,4.8,1.2531234178058357,-1.4206990156565693,-0.0492584443939153,0.1514810074082522,0.1619386298706508
61,63,5.6,4.0,5.6,5.2,6.0,1.0419080016953748,-0.7116447743486423,2.183712806545996,0.0046214914110072,0.1084074576706995
62,64,4.4,4.4,2.8,4.8,3.4,0.9020397579809188,-1.1244220151958175,0.9131677177528488,0.0631338116844255,0.0992424376666049
63,65,5.4,5.6,5.0,2.2,3.2,1.3429580666799226,0.2259437183394673,4.999999451136634,-2.343962307915781e-05,0.3890690232909024
64,66,6.2,4.2,4.4,6.2,5.4,-1.6370612338256694,-3.744591177046837,-0.0851326490972969,0.2223922480911214,0.2711972175402677
65,67,5.0,4.2,5.0,4.2,2.6,0.5498070625963966,-1.5201498035783871,-4.999974058293837,0.1608041978313723,0.1607228508565746
66,68,3.0,1.8,6.2,2.2,3.0,0.17201533630712,-0.0770493660571465,4.999982310805435,0.0055502755521423,0.1328748651406626
67,69,4.6,5.0,5.6,6.0,2.0,0.0836205934833144,-0.7169864311686329,-1.645668321554603,0.057148427824389,0.056975004676868
68,70,5.0,4.2,4.4,4.6,4.0,0.2213044310219534,-0.0466299733096954,-3.9169532563582288,0.0244530298922613,0.0226887303187216
69,71,1.6,1.8,2.4,1.0,1.0,2.38051972230377,-4.999640646473601,0.7980566565437358,0.0840882958978611,0.1046082072199673
70,72,5.8,4.4,6.6,4.4,4.4,-4.0985232421332105,-1.4664666651367255,0.9589758658797872,0.1206811619941419,0.1585952765940371
71,73,3.4,3.4,5.2,3.4,3.8,1.547957030097432,-0.604876760619697,3.213859180104976,0.0060180373858226,0.2526251439286966
72,74,6.0,5.6,5.8,6.0,1.8,-1.0506097563922925,-1.2503317783323908,1.7118572671200116,0.018002572189909,0.032474834006043
73,75,3.6,4.4,5.6,3.8,3.6,0.5994748801020251,-1.4766418905724472,-0.5986132081767044,0.3016770435430486,0.3016601420846171
74,76,5.8,5.0,6.4,4.8,3.6,-0.462119036893893,-2.21256196835954,2.000390034060777,0.0747514993106103,0.1909471697479738
75,77,4.6,6.4,2.6,5.2,2.6,1.7869200357849002,-1.86423803979081,0.922903773922235,0.2390987953924875,0.2804267862705386
76,78,1.8,2.0,6.6,3.0,2.0,0.056940137922575,-1.7360057168341525,0.1332749111829035,0.058454254037936,0.0637500861020693
77,79,4.0,3.8,3.6,5.2,2.8,1.2554234431201956,2.079250951540697,4.999996895777055,0.0032997891565973,0.0967535868501047
78,80,5.6,5.2,4.4,3.6,4.4,0.5364856414343661,-1.994884049296434,2.6605085912653537,-3.7247875180002055e-05,0.1241710697133351
79,81,5.4,1.0,7.0,2.8,4.8,0.1971087475996329,-1.7737218692897552,1.8055822290466907,0.1587486515025723,0.2292063779500467
80,82,4.6,2.4,5.4,3.6,2.6,-0.7067349137405481,-1.2301315168803943,1.7621508741476302,0.0132799441074983,0.026848019655068
81,83,4.0,4.6,5.6,4.0,4.4,1.4932201818335396,-0.3452244104622853,-0.2179918965439343,0.082526217033915,0.0832753528728917
82,84,4.2,4.8,2.2,4.2,2.8,2.2675872894702347,-4.779575540613187,-4.998078005296044,0.0561523538754021,0.0847159918110938
83,85,4.6,5.2,3.0,4.0,2.0,-1.5584405888680093,-2.134242123071888,1.7640951806172742,0.109846950845124,0.1858247081572838
84,86,4.8,5.6,3.2,1.6,2.2,-0.7745470642094636,-2.696725102628078,3.3032711877677654,0.0020450305387765,0.0557483521500028
85,87,4.2,3.6,4.6,2.2,2.8,0.5268629544702293,-2.447225796725711,1.9373157184592324,0.02088881267299,0.16546003538788
86,88,4.8,4.2,4.2,1.6,3.6,-1.1786171498424003,-0.9999979470285042,4.999936239383389,-2.9206172627027627e-06,0.0450457296862675
87,89,4.4,4.8,4.2,5.6,4.4,1.3832260366984692,2.5797667332434844,4.803307526597188,0.0135593713559022,0.0497388723465397
88,90,4.6,4.6,7.0,2.0,2.2,1.9395311818153789,-2.005716550474879,-4.99998381872214,0.0439949017937155,0.062348698413108
89,91,6.6,5.6,4.4,5.2,2.8,-4.999938201058586,-2.2296441777777933,2.0747241546002537,0.1555381853137128,0.2560774157480827
90,92,5.0,4.8,5.4,5.0,5.6,-4.999987236461932,-3.12784554306659,1.6896987222624733,0.0863203193439711,0.1794406242706847
91,93,3.8,4.4,2.4,5.2,1.0,-0.4529429986404292,-2.237477684149436,-3.611605263475413,0.3887263218782549,0.3940996057236484
92,94,6.0,6.0,5.6,5.0,4.2,-4.703281327064794,-1.330802111001794,2.337197112873733,0.0107097940635371,0.0392099557736084
93,95,4.6,6.2,2.0,4.8,1.6,0.2617047522452639,-2.124583470339873,1.636203317838398,0.0847764478457819,0.162553587221396
94,96,3.2,3.8,3.4,4.2,2.6,-3.176784843041029,-1.454947379795625,0.0255947974744912,0.0669770875567368,0.0729771772562721
95,97,5.8,3.4,5.2,3.6,1.8,0.5367300108182046,-0.749358190746532,0.2974759090834435,0.1136256219183563,0.1170339955108095
96,98,5.8,5.2,6.0,4.4,3.2,0.0135829406366535,-2.379347643225088,1.1255251269402036,0.0949384586710658,0.1441910655215785
97,99,5.2,4.4,4.6,5.0,3.8,-4.999987509660277,-1.627521250262803,1.4200037675786747,0.0269273798080741,0.0421986804913268
98,100,5.4,1.0,6.4,4.2,3.8,0.7837385474394302,0.5168720744839671,3.1810997147642284,-4.734613734047599e-05,0.0537333166976522
99,101,4.2,4.0,5.8,6.6,1.6,1.03904618057355,-1.79823070412366,0.2691334661296491,0.3559599659987196,0.36503654204149
100,102,4.8,1.2,7.0,2.4,4.0,-0.3246594285939839,-1.5553470775349332,3.423616973487904,0.0170424903874119,0.0663639062315968
101,103,5.8,6.2,3.4,5.2,4.0,-2.5520494104400964,-1.685859545454563,1.940463776746597,0.096180871686662,0.1332941645624009
102,104,6.4,4.4,2.2,6.2,4.4,-4.999990334337529,-2.173789247931711,2.1818514187521307,0.0275063922138267,0.0979393347690381
103,105,4.0,3.6,3.2,4.6,1.2,1.7031628412858315,-0.623902813479864,1.523107112750849,0.033290656709521,0.0706910397030451
104,106,5.0,5.8,3.0,4.0,1.2,-0.7590032643057343,-1.773734059704816,1.4885038866390483,0.0580106260851679,0.0943644803052583
105,107,5.2,5.4,4.2,2.6,2.6,-2.655496633396204,-1.1554215199209503,-1.0312331668048464,0.0880934365464023,0.1057312915359921
106,108,4.8,4.6,2.0,6.2,3.0,0.4064622174250722,-0.160630953684076,-4.960316134904736,0.0172544805451487,0.0171261460757684
107,109,5.0,5.2,4.4,6.4,3.4,-0.8561335022331056,-2.1620539619636108,1.893848008460236,0.1963679665154976,0.2610823581860112
108,110,3.4,3.2,1.6,5.4,2.8,1.5537829177377571,-1.164718893256509,1.0270613253707388,0.2008725054508473,0.2290872277161195
109,111,5.8,4.2,3.6,5.6,4.0,1.1220055977761638,-0.8211628739136612,2.017559715818536,0.0776244236671863,0.1525356578881358
110,112,3.8,2.8,2.2,4.0,1.8,-2.364152773310664,-3.183192273903245,2.8168032367327664,0.0254161041459451,0.0590984686499241
111,113,3.6,4.8,2.4,5.0,1.8,-0.118249774765634,-1.717920097205225,-1.912123743497656,0.2679071835602445,0.2716959350554772
112,114,5.2,2.6,7.0,3.2,4.4,0.6453947696107367,2.5626423265464604,4.999991125982579,-4.77781617320705e-05,0.0389622085865827
113,115,4.0,5.8,3.8,2.6,2.4,1.311253691818996,-0.1360547796433635,2.3292807921317933,0.0759300082552552,0.1120917157458091
114,116,4.6,5.8,3.6,6.6,2.2,0.3469954011577742,-2.0674397311844444,1.7285489484921468,0.09836389919727,0.1705673169072287
115,117,5.2,4.4,6.4,3.4,1.8,-1.5385554975301574,-2.440119336113574,1.9529217702388064,0.2221092393180305,0.406776010752035
116,118,6.2,5.8,2.8,5.8,2.8,0.5363115990176304,-2.787376877302746,1.7813541362230547,0.0985874107862297,0.1908537950312135
117,119,5.8,1.8,6.2,1.4,5.2,0.9990512355234368,0.1970127172217385,2.785130214558698,0.0031955957067589,0.0564830485983498
118,120,4.8,3.4,4.6,5.0,3.0,0.4867229981383205,-1.860087992735355,0.5146999270713306,0.1072098641928643,0.1241393324363752
119,121,4.8,3.6,3.0,4.0,2.0,1.1645516591603249,-1.2648138527102746,0.2768792055270818,0.1826226299273745,0.1854424742763086
120,122,5.6,3.4,6.2,4.6,4.6,-0.2481602739730342,-3.4734293849718982,2.5265587014201403,0.0512422188507954,0.2115978132894712
121,123,4.0,4.4,4.8,2.8,3.4,0.8696193880813143,-1.5321891082349253,1.265202999828074,0.1356332230148831,0.181463594892986
122,124,3.4,3.6,4.8,2.8,3.0,-0.44278898155528,-1.000001291614831,4.999986848383156,0.0230756126131521,0.0665733136608075
123,125,4.6,3.8,2.0,4.0,1.8,-0.2329904980280264,-3.008747080338784,1.6924935342589769,0.1571389816135854,0.1930751593724313
124,126,6.0,3.2,5.0,3.6,5.0,0.3538239365127903,-0.6255389856280854,2.856501602325578,0.0078982390368274,0.0828718009918786
125,127,5.8,3.8,5.8,3.8,2.4,-0.1102864795321552,-2.272927204903226,0.8883937327305186,0.2024250234342155,0.2658344217455228
126,128,4.0,5.0,3.6,5.6,3.0,0.6734404993493386,-0.741726801520808,1.7745262799130246,0.0249929500316017,0.0746270749192854
127,129,5.2,5.2,3.4,4.0,3.0,1.806159132092288,-1.5395100054771045,1.2912710736583113,0.1205830292617342,0.1548040332159818
128,130,3.4,3.2,5.0,5.2,3.2,0.9350347225937408,-1.2068852301266089,-4.999993149505033,0.1041821509509332,0.1037438983705557
129,131,6.2,5.8,3.8,5.2,6.0,-3.081371054418616,-2.2246772161943325,1.513530007920694,0.0767732153672117,0.102018112422174
130,132,5.4,5.0,5.6,6.8,5.4,1.0173164381316786,-0.7722875108146178,-4.5333668273000685,0.0742540548745104,0.0733421851890037
131,133,7.0,6.2,5.2,6.0,6.2,-4.999995310386851,-1.7634077528381729,1.9758314797309533,0.0725515999742446,0.1478663293438858
132,134,5.6,4.2,5.4,3.4,3.6,-0.6353406560215328,-1.6018474911104794,0.7832131884882668,0.1409245048765667,0.1455162282010632
133,135,6.0,4.0,6.4,5.2,5.0,-4.191935409572954,-2.722714574006836,0.5025280862783713,0.2333141464933897,0.3906208479468247
134,136,4.4,4.8,3.4,5.4,2.2,-2.547084636030469,-1.1120678612850836,4.887926631945244,-2.524524509217585e-06,0.0450390061260022
135,137,6.0,5.0,4.6,4.8,5.0,1.094241471223684,-1.288017380777311,-4.99999360989513,0.0677400759813356,0.0671722927850337
136,138,5.4,5.2,4.6,5.6,4.2,-0.7214944618553807,-2.973149749895841,3.0268415867122376,0.0071411934322681,0.112048863782855
137,139,5.2,2.8,6.4,3.6,3.0,0.2310873955049612,-2.269989611962367,1.6135799421138324,0.0653765021864023,0.1791716075147923
138,140,5.4,5.2,5.4,6.8,4.0,1.6919621998354593,-1.5630504979547946,-2.863150330075364,0.1123270476117845,0.116072475824407
139,141,6.4,6.6,3.8,2.0,1.8,1.4123678337691132,-0.7859973189636078,2.02143072446738,0.1144930976824032,0.1834944706476284
140,142,5.2,4.2,4.2,3.0,2.8,1.0709430982979682,-2.527334235844004,1.172772652514862,0.0441935024041827,0.2379461003543859
141,143,1.4,2.6,4.6,2.8,1.0,0.3652610377120511,-1.9839929697165688,-4.999996013013638,0.1581896579228886,0.1577581731153861
142,144,4.6,4.6,3.0,4.6,1.2,2.4009116441510647,-4.887955722296283,1.1120137351311528,0.0050390792888096,0.0605621206780332
143,145,6.4,4.8,2.6,5.4,1.8,-1.4447660150296766,-2.172624157222021,0.6947180504575131,0.4702536205441064,0.4843912191878086
144,146,5.0,4.8,4.4,3.0,5.2,1.32487595677251,-4.495931339872902,-4.084749797058388,0.0424754415341193,0.0586658365702928
145,147,5.8,4.2,5.4,5.2,4.0,-4.999966387589071,-2.191049408260997,2.2253412118572884,0.0472229328340423,0.1119265815812092
146,148,5.6,5.4,6.0,4.2,4.0,1.73247809138196,-0.1543377049406007,-2.996073189878759,0.0258416009097742,0.0254333967354249
147,149,4.6,4.2,2.8,6.0,2.8,1.4816952938083583,2.250699916082982,4.904309179014785,0.0011910790060989,0.0802417715215745
148,150,6.6,6.0,5.2,4.6,4.6,-4.193881424834185,-2.217521718995439,1.950986624003244,0.3685179530316513,0.4955912605572008
149,151,5.4,4.4,5.2,4.2,3.2,-4.999886983048021,-2.0014030371149976,1.7286650367007206,0.098986388988061,0.1311131525927145
150,152,6.0,6.4,2.2,2.6,4.0,1.369304067728275,-1.2316240099036613,1.1838976361978468,0.2709823282989145,0.3032019229979247
151,153,6.2,5.6,3.2,5.8,2.6,-0.6289847705872662,-2.3339847722974185,1.4522061865730682,0.0396124339609234,0.0666644130625927
152,154,5.4,6.2,4.0,2.2,4.2,-0.1584484144645738,-1.770746315059475,-3.85142692405233,0.2952129296740186,0.2911643353604916
153,155,5.2,3.8,3.8,4.0,1.6,0.4271278814502676,-2.1612410114071854,1.2761457721877585,0.1285262418210255,0.1674373952399394
154,156,5.6,3.8,5.8,5.6,3.0,-0.727345215569316,-2.5234988804440124,3.1500089959306066,0.0434498000940852,0.0756790027734706
155,157,3.8,4.2,5.4,3.2,3.0,-1.588226492338854,-2.252693769600138,1.3609689208635691,0.3718236461421055,0.4556585203557038
156,158,4.6,4.8,2.6,6.0,4.8,1.6957244383403605,-0.7840251484120121,2.096315159577641,0.0037627229298617,0.0800601877906954
157,159,5.0,5.2,3.2,6.0,3.2,0.2651799410744789,-2.501455189284031,1.5674378548401746,0.0883562137445834,0.2188871503853422
158,160,6.4,3.8,6.8,4.8,5.2,0.448527667776059,-1.8058596138648264,0.6352383420925353,0.1318666718104475,0.1633588484360831
159,161,6.4,6.0,2.6,4.6,3.2,0.6257142441752337,1.6168372323081872,4.247894344603488,0.0004289293223272,0.0505531647837357
160,162,5.2,5.0,3.0,5.0,3.6,1.2610922967449,-0.6648314031586893,-0.1197512592812958,0.0337724768505666,0.0371870115193794
161,163,5.4,1.0,7.0,3.8,3.8,0.449039489393827,2.6057898740685594,4.997575323075369,-2.8946923336548025e-05,0.0324968158510281
162,164,6.2,3.6,6.8,4.0,3.6,0.3603341445073116,-1.256590712070959,0.7100907902384175,0.1811960776140159,0.1899644822738811
163,165,6.0,2.2,6.8,2.4,4.8,-4.999947870095329,0.5172854008460043,4.999997496520819,-3.8715376340370256e-06,0.0284392736756491
164,166,6.0,5.8,6.0,3.4,3.4,1.341607479763874,-0.4116924665912573,2.457941986104692,0.0243419435297709,0.1365059875503688
165,167,5.0,4.4,4.0,3.8,3.6,1.041740523545147,-1.0661373220143588,-1.02601035002123,0.1941205934500749,0.1950662097330205
166,168,3.8,6.0,2.6,3.4,1.4,2.067353425259244,-4.492944528033382,-4.159021048574831,0.0544509124765691,0.0707551141716398
167,170,5.4,3.6,5.6,2.6,4.0,1.1565521687414797,-2.13850619278491,-4.999993787287948,0.4050389590143399,0.4046449294611927
168,171,6.0,6.2,3.6,6.4,3.2,0.56296712232524,-2.778873962104982,-0.0553195150662317,0.4293956636436362,0.4866411893094395
169,172,4.6,3.6,4.8,4.0,3.4,0.041628980686826,-1.9851927214193608,1.22972694236358,0.2067512177806486,0.2673907822585484
170,173,4.8,4.0,5.2,3.0,2.8,-4.365713501823413,-1.8368011801834825,2.41075798584185,0.0221575767106229,0.0724127255555014
171,174,6.2,5.8,5.4,4.2,3.0,2.3079937622388385,-4.106148112634932,1.8937400009382048,0.0934621597218112,0.2143339229514284
172,175,4.2,4.0,2.4,4.6,2.2,0.902916376115778,-1.0635193909003509,-0.5395406460175284,0.1929931706931063,0.1939459467517871
173,176,4.4,4.2,4.4,4.2,3.8,-0.8364936880756746,-1.786435541262913,-4.999974091333548,0.0615563875871469,0.0624437067766189
174,178,5.4,3.8,4.2,5.8,3.0,0.2504963034625238,-2.244801101632108,1.832666451271208,0.0795598240254898,0.1734522194126667
175,179,6.4,5.2,4.6,4.8,4.0,1.0735341497158988,-2.1012660412581967,0.4369741170138719,0.4567655367021992,0.498360372288628
176,180,6.0,5.2,5.0,6.4,6.4,1.473792929252277,-1.6883528556894487,-4.999863984756686,0.2694296710021763,0.2694069846423823
177,181,6.8,5.4,5.4,6.0,5.0,1.051153079379754,0.5224913273180364,2.9537841284693496,0.0083847758768723,0.0658473216734321
178,182,2.8,4.0,6.2,2.0,2.4,1.0370457346385182,-0.5761418777668905,-4.197949210830467,0.0787044257433378,0.0771984220389074
179,183,4.2,3.0,5.0,3.8,3.2,1.166643485907651,-0.4175882128058568,-4.999938689824746,0.0556607847855369,0.055606082896217
180,184,3.0,5.6,2.6,6.0,3.0,0.8102785471948869,2.137231299766359,4.999997928253313,0.0447585020989036,0.0935423455186205
181,185,3.8,5.2,2.6,4.8,1.0,1.1788365319077412,-1.5152536058683517,1.7953344083505909,0.0527820148569865,0.2115814854132188
182,186,4.8,4.0,5.2,6.4,2.4,0.5415764499634108,-1.4282833944961206,1.3946661750763694,0.1074766665473428,0.1401654161489665
183,187,4.6,5.8,5.8,3.8,2.8,0.3769950237119849,-1.1868759077569184,-4.999918321123005,0.1510132553567448,0.1509563570989138
184,188,4.6,2.8,4.4,1.4,2.6,-2.9194913874674167,-0.8407275847695979,1.1999024621505208,0.0261499938679002,0.0298898538276102
185,189,5.2,4.6,2.8,7.0,3.4,0.6033453284948054,0.4068580139546553,-4.899894455974394,0.0252649647185091,0.0251859793856445
186,190,5.0,3.8,3.8,3.4,3.8,0.2519146759737202,-0.4668743499515277,0.5638171797783209,0.044200999834172,0.0450787140567843
187,191,5.8,4.0,6.4,5.8,6.2,0.9110088750160404,-1.5935578308194305,-1.3401273460253202,0.1463226409385726,0.1574476176851217
188,192,5.6,3.4,6.0,5.4,4.4,0.8145951511158569,-1.4158515050591811,-0.3617350018923174,0.2256246437141225,0.2288867204260911
189,193,6.8,4.6,3.6,5.8,3.8,-2.558780611604674,-0.2784155003328458,1.732606433060794,0.0233684293745444,0.0412767423932475
190,194,4.2,5.8,5.4,5.0,5.8,-4.999972561706497,-0.540321427208462,1.83721128616024,0.0008437870969211,0.0051735333914093
191,195,4.8,4.8,6.6,2.6,5.2,0.906371765868008,-0.8709107428262932,-3.228148861934484,0.0659117485255641,0.0685042351648536
192,196,5.2,5.8,3.0,5.0,2.0,-4.999993400694787,-2.6792508423646786,2.349439417798526,0.042590822675998,0.1165057281236051
193,197,4.2,4.8,3.2,4.2,2.8,-1.0821157247709563,-1.3991733103369086,-2.4936678167026494,0.2033053859638841,0.2212365268812225
194,198,6.2,5.6,5.6,7.0,6.2,0.1027290671910387,-1.6474150452382634,-3.768035539641113,0.4082411043388927,0.4172579705926985
195,199,5.2,6.0,6.2,3.0,5.8,1.4824937222257069,-0.5757358849728196,1.34373938989693,0.1003477479328871,0.1122744614545392
196,200,3.8,4.2,3.2,5.6,3.4,1.4355151248481866,0.1098834724501452,2.417315324909631,0.0104609260497843,0.0575881672547863
197,201,3.6,6.0,3.6,5.8,2.2,-4.999997838031564,-2.943679360346441,0.9688381387915834,0.1032923533445395,0.1558024710853681
198,202,6.2,6.0,5.8,7.0,5.8,-0.5231394767717665,-1.325180269834761,-3.4850538183070627,0.2707598434200352,0.2787198914943263
199,203,5.2,6.2,1.4,5.8,1.2,-4.9999946147791805,-1.846362770475889,1.92841466043719,0.0486981210980572,0.0904082209753581
200,204,7.0,6.4,5.6,4.0,3.6,-4.99996916521051,-3.5839862776793723,1.7512126105950292,0.043042810229857,0.0890188793271038
201,205,5.4,5.2,3.2,5.8,3.2,-3.005573197038318,-2.107194640938467,-0.2944551435795637,0.1572088686282399,0.1684653917872517
202,206,3.2,4.0,4.6,3.4,3.4,-4.129011418506264,-1.974451149775965,0.7305495360608812,0.0343469611808603,0.0502351749143158
203,207,3.8,2.0,3.8,4.2,2.4,0.9696554410788066,-1.3343647136088892,-4.999968324097086,0.2653197780644587,0.26524956304372
204,208,5.6,3.8,5.4,4.4,3.2,-4.999993219814563,-2.092949020409384,1.7976501282302388,0.1439742490845575,0.1863317773006598
205,209,4.8,7.0,5.4,2.8,2.0,1.5665196751300088,-1.678827840631664,-4.999996119588175,0.1476667004699668,0.1478525271129092
206,210,4.2,3.8,5.8,2.2,3.6,0.8358039517558099,-1.6561084531998522,-4.9999919053402335,0.270242764735324,0.2699750446769257
207,211,3.4,4.6,5.2,3.4,2.6,0.5720236152634809,-2.167402581194783,2.0596557574980783,0.0890592283381095,0.2524131889214067
208,212,3.8,4.0,5.0,4.8,4.0,-4.58895181662381,3.2041671518853883,4.300006493168322,0.0027013984326291,0.00285004927988
209,213,5.0,4.8,3.0,3.2,4.6,-1.4585929649469471,-1.197902646995742,1.3992903475464635,0.0354518092222091,0.0387634411059614
210,214,3.4,5.8,5.0,1.8,3.8,0.3861157880466611,-1.5240341063791087,-4.425374774301169,0.134398825894097,0.1332127644208156
211,216,5.4,5.8,3.4,5.0,3.4,-4.999955135499848,-2.544439176066997,2.7049636936362305,0.0495990224930861,0.1011919998610595
212,217,4.6,4.2,2.0,4.2,4.4,1.8407236113913177,-2.4304941503255377,-2.630446640832276,0.0808531085146391,0.0850891093549144
213,218,6.0,5.2,3.6,5.4,4.6,0.2271309892651752,-1.6002048433120148,2.171119871547874,0.0696730667639083,0.1205533488469888
214,219,4.8,3.4,4.6,2.2,2.8,0.8415594180197534,-0.4799410171909462,-4.999991507504201,0.0478780205495505,0.0472527819007125
215,220,3.2,3.2,4.2,6.8,3.0,-1.783368631724874,-1.7145788642676174,-2.119517596976991,0.1732371896694745,0.1817777464783038
216,221,2.0,4.0,2.8,3.4,1.4,0.9088349607147768,-1.0107236099410353,-0.968024945956952,0.2566211579560059,0.2573225631354855
217,222,4.4,3.6,3.6,3.2,3.0,1.5204529731614331,-1.6415728220191108,0.5866898618208917,0.322551036369754,0.3406263473403592
218,223,4.8,5.2,5.2,4.0,4.0,0.8664557349318887,-0.1384996815991073,-4.99996923959656,0.0960083127300911,0.0958988181390512
219,224,5.4,4.8,6.0,4.8,4.2,1.1122933430579138,-0.9287690399747764,1.6748094006669163,0.1201226623465488,0.1796204192829634
220,225,4.6,5.6,2.4,5.0,3.0,0.9614635640001844,-1.6602727864313678,-4.999994711923256,0.1826318734261115,0.1822523252573724
221,226,5.2,4.8,4.8,5.4,4.8,0.7975867801110443,-1.2798763147292458,-4.999990866001257,0.2242169137845264,0.2239553771861843
222,227,4.2,5.2,2.4,5.4,3.2,-4.999984449401358,-1.2501747656834268,1.6119397819447208,0.0184935141525973,0.0277624728600417
223,228,4.6,5.0,3.2,5.4,2.6,-2.5050444697301884,-2.3070512116581643,1.2312394370220412,0.0873427851836111,0.1165288869707383
224,229,5.8,5.2,2.2,5.2,3.2,0.5105410915577143,-0.3964160956042455,1.94029570837641,0.0351646215050478,0.0605108219502519
225,230,6.2,4.4,5.6,4.4,5.4,-4.224573436921965,-1.9049231831595093,0.4245370255110208,0.1012469109122662,0.1242447295429424
226,231,6.0,3.0,5.2,5.0,4.0,1.4255306653769864,-0.6408880832406507,2.288568095514864,0.0535395569598243,0.2094875370007988
227,232,6.6,7.0,2.4,6.4,3.6,-0.0307956161918897,1.9632639668382803,3.5491995251995543,0.0002615149296375,0.0090347080954215
228,233,5.6,6.0,5.6,4.8,2.4,-4.999983866013348,-3.137532970575375,1.963110425098065,0.2645336196139728,0.4191964244740495
229,234,4.6,4.6,4.0,4.4,2.2,0.5388741143048978,1.2497185650773757,4.999997124082695,0.0101578172289809,0.1203751006851241
230,235,6.0,5.6,4.0,4.4,2.8,0.597709061086139,-1.2716725956899295,2.662191378255748,0.0051131646126325,0.142146031277683
231,236,4.2,3.8,4.6,3.6,3.2,0.9986345808914084,1.0140515958635088,4.383809355843059,0.1524587966285508,0.2072646874148955
232,237,5.6,6.0,5.6,6.0,3.8,0.8378532500550281,-1.8244805257852768,1.4583658048304624,0.0968521924622713,0.1780503311984957
233,238,6.0,4.8,5.0,4.6,4.8,1.3527534126226204,0.0100295481789325,2.753521811927572,-2.182395892935673e-05,0.0818177914204589
234,239,6.0,4.8,3.4,5.8,4.0,-4.999924971115314,-3.372501435264592,2.21622861747506,0.0576648590267896,0.1209103566601788
235,240,5.2,3.4,5.4,5.6,4.4,1.0748233183341551,-0.5390870604583153,-0.8155657938444627,0.0260585377779291,0.0259909550390758
236,241,4.6,5.4,4.0,4.0,2.8,1.5366328496345685,-1.685653543158335,0.2514557678549247,0.207912411966049,0.2146821777468908
237,242,5.0,3.6,4.8,5.2,4.8,-0.6619975547107997,-1.8509920643050413,1.892272697400128,0.0564107349825216,0.0864529773943445
238,243,5.6,2.4,6.6,6.2,6.0,0.1984916332326822,-1.4357684359584326,1.4409533337760478,0.1262698310240596,0.1666796191215501
239,244,5.2,4.6,2.2,5.6,3.2,0.8387500198806254,-0.2991865357139535,-4.865873242484007,0.0521533620945623,0.0517403701956018
240,245,3.6,5.0,1.2,5.2,1.8,-0.3295975047889976,-3.64368085256474,0.3915315790720935,0.4632400893844821,0.5104175002443305
241,246,5.6,5.6,4.8,2.0,3.2,-3.275901430783299,-2.48765312422936,1.3960501380889547,0.3078207513117923,0.3918325147097158
242,247,6.0,5.4,3.2,4.2,1.8,1.4226311130947566,-1.2856924417473496,0.3319590099018861,0.3604680665776417,0.3755933431103028
243,248,4.8,4.4,1.8,5.2,2.2,0.3911429469609305,-0.3534564105334034,-4.591176561812001,0.1017716344847993,0.1010006209783982
244,249,4.4,4.8,3.8,5.2,5.2,-4.927764364591491,-2.699140434082259,1.8321664905438864,0.1685123975957674,0.3055512037269176
